source,rows
PLO Negotiations Affairs Department,5056
Palestine News and Information Agency,3258
Haaretz,2922
Times of Israel,1757
Ynet,1412
Walla!News,1089
Quds News Network,835
Ma'an News Agency,713
Globes,640
Jerusalem Post,599
Arab 48,557
Israel Hayom,517
N12,506
13 News,456
Calcalist,455
Ma'ariv,358
Black Flag Movement,336
Arutz Sheva,334
Zo HaDerekh,319
Twitter,255
Kan News,242
Kikar HaShabbat,190
Dunia Al Watan,185
Al-Ittihad,173
Mynet,142
Yesh Din,135
Netanya Net,116
Newpress,114
Mako,101
B'tselem,96
Haderi Ha Haredeem,93
PCHR: Palestinian Centre for Human Rights,90
News 0404,82
Hai Po,80
Tzomet HaSharon,72
Now 14,63
Im Tirtzu,59
Srugim,52
Makor Rishon,50
Panet,42
Kol Hair,37
BE106,34
Beer Sheva Net,24
Al Ghad (Jordan),23
Palestinian News Network,18
Liveuamap,17
Colbo News,15
Hamas War Media,11
Ness Ziona Net,10
BBC News,10
Charedim 10,8
i24 News,8
Davar Rishon,7
Press TV,6
HRW,6
Long War Journal,6
Extinction Rebellion (Israel),5
Kfarnik,5
Israeli Defense Forces,5
Green Course,4
UN HRC,4
Sikha Mekomit,4
Anadolu Agency,4
Palestine Information Center,4
Facebook,3
Kan Ashdod,3
Kan Ashkelon,3
Al Masar,3
news08,3
GardaWorld,3
AFP,3
Joe Truzman,3
Xinhua,3
Al Jazeera,3
Ashdod Net,2
Kipa,2
Beer Sheva and Negev News,2
AP,2
UNOCHA,2
UNSC,2
Shabak,1
GLZ,1
Youm7,1
Bokra,1
Instagram,1
France24,1
Al Quds News Agency,1
UN OHCHR,1
Sky News,1
Al Quds al Araby,1
Peace Now,1
Guardian (United Kingdom),1
Deutsche Welle,1
Shehab News Agency,1
Amnesty International,1
Rescuers Without Borders,1
