origin,source,rows
Israeli,Haaretz,2922
Israeli,Times of Israel,1757
Israeli,Ynet,1412
Israeli,Walla!News,1089
Israeli,Globes,640
Israeli,Jerusalem Post,599
Israeli,Arab 48,557
Israeli,Israel Hayom,517
Israeli,N12,506
Israeli,13 News,456
Israeli,Calcalist,455
Israeli,Ma'ariv,358
Israeli,Black Flag Movement,336
Israeli,Arutz Sheva,334
Israeli,Zo HaDerekh,319
Israeli,Kan News,242
Israeli,Kikar HaShabbat,190
Israeli,Al-Ittihad,173
Israeli,Mynet,142
Israeli,Yesh Din,135
Israeli,Netanya Net,116
Israeli,Newpress,114
Israeli,Mako,101
Israeli,B'tselem,96
Israeli,Haderi Ha Haredeem,93
Israeli,News 0404,82
Israeli,Hai Po,80
Israeli,Tzomet HaSharon,72
Israeli,Now 14,63
Israeli,Im Tirtzu,59
Israeli,Srugim,52
Israeli,Makor Rishon,50
Israeli,Panet,42
Israeli,Kol Hair,37
Israeli,BE106,34
Israeli,Beer Sheva Net,24
Israeli,Colbo News,15
Israeli,Ness Ziona Net,10
Israeli,Charedim 10,8
Israeli,i24 News,8
Israeli,Davar Rishon,7
Israeli,Extinction Rebellion (Israel),5
Israeli,Kfarnik,5
Israeli,Israeli Defense Forces,5
Israeli,Green Course,4
Israeli,Sikha Mekomit,4
Israeli,Kan Ashdod,3
Israeli,Kan Ashkelon,3
Israeli,news08,3
Israeli,Ashdod Net,2
Israeli,Kipa,2
Israeli,Beer Sheva and Negev News,2
Israeli,Shabak,1
Israeli,GLZ,1
Israeli,Bokra,1
Israeli,Peace Now,1
Israeli,Rescuers Without Borders,1
Palestinian,PLO Negotiations Affairs Department,5056
Palestinian,Palestine News and Information Agency,3258
Palestinian,Quds News Network,835
Palestinian,Ma'an News Agency,713
Palestinian,Dunia Al Watan,185
Palestinian,PCHR: Palestinian Centre for Human Rights,90
Palestinian,Palestinian News Network,18
Palestinian,Hamas War Media,11
Palestinian,Palestine Information Center,4
Palestinian,Al Masar,3
Palestinian,Al Quds News Agency,1
Palestinian,Shehab News Agency,1
Other / international,Twitter,255
Other / international,Al Ghad (Jordan),23
Other / international,Liveuamap,17
Other / international,BBC News,10
Other / international,Press TV,6
Other / international,HRW,6
Other / international,Long War Journal,6
Other / international,UN HRC,4
Other / international,Anadolu Agency,4
Other / international,Facebook,3
Other / international,GardaWorld,3
Other / international,AFP,3
Other / international,Joe Truzman,3
Other / international,Xinhua,3
Other / international,Al Jazeera,3
Other / international,AP,2
Other / international,UNOCHA,2
Other / international,UNSC,2
Other / international,Youm7,1
Other / international,Instagram,1
Other / international,France24,1
Other / international,UN OHCHR,1
Other / international,Sky News,1
Other / international,Al Quds al Araby,1
Other / international,Guardian (United Kingdom),1
Other / international,Deutsche Welle,1
Other / international,Amnesty International,1
